id,status,sub_status,title,price,available_quantity,seller_custom_field,permalink,date_created,last_updated
"MLB6037876582","closed","","Lanterna Neblina Parachoque Traseiro Cobalt 2019","100","0",,"https://produto.mercadolivre.com.br/MLB-6037876582-lanterna-neblina-parachoque-traseiro-cobalt-2019-_JM","2025-12-11T13:43:24.903Z","2026-01-08T15:16:12.638Z"
"MLB6039560880","closed","","Pescador Óleo Honda Fit 1.5 2015 2016 2017","117.6","1",,"https://produto.mercadolivre.com.br/MLB-6039560880-pescador-oleo-honda-fit-15-2015-2016-2017-_JM","2025-12-11T17:36:52.342Z","2026-01-09T13:57:59.710Z"
"MLB4409283021","closed","","Moldura Tampa Traseira Volvo V40 2014","160","1",,"https://produto.mercadolivre.com.br/MLB-4409283021-moldura-tampa-traseira-volvo-v40-2014-_JM","2026-01-08T20:26:03.999Z","2026-02-12T15:42:28.555Z"
"MLB4368736115","closed","","Parachoque Traseiro Ford Ka Sedan 2016","350","1",,"https://produto.mercadolivre.com.br/MLB-4368736115-parachoque-traseiro-ford-ka-sedan-2016-_JM","2025-12-16T14:06:13.574Z","2026-01-08T23:54:14.517Z"
"MLB4369743081","closed","","Cabeçote Ford Ka 1.5 4cc 2018","2156","0",,"https://produto.mercadolivre.com.br/MLB-4369743081-cabecote-ford-ka-15-4cc-2018-_JM","2025-12-17T05:29:44.764Z","2026-02-12T15:42:11.607Z"
"MLB4376377255","closed","","Moldura Painel Tampa Classic Gm Corsa 2012","79","0",,"https://produto.mercadolivre.com.br/MLB-4376377255-moldura-painel-tampa-classic-gm-corsa-2012-_JM","2025-12-20T11:42:43.712Z","2026-01-08T16:16:14.443Z"
"MLB4369761041","closed","","Polia Comando Admissão Ford Ka 2017 1.0","685.02","1",,"https://produto.mercadolivre.com.br/MLB-4369761041-polia-comando-admisso-ford-ka-2017-10-_JM","2025-12-17T04:10:53.773Z","2026-02-12T15:42:04.006Z"
"MLB6038227958","closed","","Roda Volkswagen Jetta 2008 Aro 17 ","343","1",,"https://produto.mercadolivre.com.br/MLB-6038227958-roda-volkswagen-jetta-2008-aro-17-_JM","2025-12-11T14:36:51.603Z","2026-02-12T15:43:04.497Z"
"MLB6035682902","closed","","Eixo Traseiro Fiat Fiorino 2000","881.02","1",,"https://produto.mercadolivre.com.br/MLB-6035682902-eixo-traseiro-fiat-fiorino-2000-_JM","2025-12-11T03:35:12.455Z","2026-02-12T15:43:03.234Z"
"MLB4369865595","closed","","Moldura Inferior Coluna Direção Chevrolet Celta 2013 A 2016","87.22","0",,"https://produto.mercadolivre.com.br/MLB-4369865595-moldura-inferior-coluna-direco-chevrolet-celta-2013-a-2016-_JM","2025-12-17T05:38:04.867Z","2026-01-08T20:29:08.695Z"
"MLB6036026574","closed","","Montante Manga Eixo Direito Palio 1996 A 2000","244.02","1",,"https://produto.mercadolivre.com.br/MLB-6036026574-montante-manga-eixo-direito-palio-1996-a-2000-_JM","2025-12-11T06:29:25.920Z","2026-01-08T19:36:33.643Z"
"MLB6038580788","closed","","Roda Volkswagen Jetta 2008 Aro 17 ","343","1",,"https://produto.mercadolivre.com.br/MLB-6038580788-roda-volkswagen-jetta-2008-aro-17-_JM","2025-12-11T14:36:11.112Z","2026-02-12T15:42:48.807Z"
"MLB6066093176","closed","","Tbi Corpo Borboleta Volkswagen Gol G6 1.0 2014 A 2019","244.02","1",,"https://produto.mercadolivre.com.br/MLB-6066093176-tbi-corpo-borboleta-volkswagen-gol-g6-10-2014-a-2019-_JM","2025-12-17T06:07:53.462Z","2026-01-09T09:54:09.805Z"
"MLB4357831099","closed","","Painel Velocímetro Instrumento Renault Logan 2014 A 2020","240.1","1",,"https://produto.mercadolivre.com.br/MLB-4357831099-painel-velocimetro-instrumento-renault-logan-2014-a-2020-_JM","2025-12-10T23:09:44.582Z","2026-02-12T15:42:00.886Z"
"MLB6018542214","closed","","Máquina Vidro Traseiro Esquerdo Fiat Palio 97","73.82","1",,"https://produto.mercadolivre.com.br/MLB-6018542214-maquina-vidro-traseiro-esquerdo-fiat-palio-97-_JM","2025-12-08T07:56:08.120Z","2026-02-12T15:42:52.947Z"
"MLB6033309266","closed","","Cabeçote Volkswagen Fusca Kombi 1600","539","1",,"https://produto.mercadolivre.com.br/MLB-6033309266-cabecote-volkswagen-fusca-kombi-1600-_JM","2025-12-10T20:46:31.320Z","2026-02-12T15:43:03.104Z"
"MLB6065811136","closed","","Motor Arranque Partida Hyundai Hb20 I30 1.6 2011 A 2018","440.02","1",,"https://produto.mercadolivre.com.br/MLB-6065811136-motor-arranque-partida-hyundai-hb20-i30-16-2011-a-2018-_JM","2025-12-17T04:09:51.466Z","2026-01-09T01:38:07.799Z"
"MLB6018529128","closed","","Máquina Vidro Traseiro Esquerdo Fiat Palio 97","72.13","1",,"https://produto.mercadolivre.com.br/MLB-6018529128-maquina-vidro-traseiro-esquerdo-fiat-palio-97-_JM","2025-12-08T07:50:16.035Z","2026-02-12T15:42:13.543Z"
"MLB6031734582","closed","","Porta Dianteira Direita Fiat Uno Vivace 2012","685.02","1",,"https://produto.mercadolivre.com.br/MLB-6031734582-porta-dianteira-direita-fiat-uno-vivace-2012-_JM","2025-12-10T14:51:48.361Z","2026-02-12T15:42:23.891Z"
"MLB6031479602","closed","","Reservatório Água Parabrisa Volkswagen Polo 2004","98","1",,"https://produto.mercadolivre.com.br/MLB-6031479602-reservatorio-agua-parabrisa-volkswagen-polo-2004-_JM","2025-12-10T14:19:50.285Z","2026-02-12T15:43:03.106Z"
"MLB6106796624","closed","","Capo Nissan Kicks 2016 A 2024 ","599","0",,"https://produto.mercadolivre.com.br/MLB-6106796624-capo-nissan-kicks-2016-a-2024-_JM","2025-12-29T18:41:22.351Z","2026-01-09T15:53:37.912Z"
"MLB4371079535","closed","","Painel Instrumento Gm Celta Corsa Montana 2003 A 2012","349","1",,"https://produto.mercadolivre.com.br/MLB-4371079535-painel-instrumento-gm-celta-corsa-montana-2003-a-2012-_JM","2025-12-17T17:45:46.269Z","2026-02-12T15:42:26.237Z"
"MLB4371248865","closed","","Caixa Câmbio Hyundai Hb20 1.0 2022 2024","3499","1",,"https://produto.mercadolivre.com.br/MLB-4371248865-caixa-cmbio-hyundai-hb20-10-2022-2024-_JM","2025-12-17T18:29:13.927Z","2026-02-12T15:42:29.420Z"
"MLB6028762092","closed","","Maçaneta Externa Tampa Traseira Volkswagen Polo Hacht","77.42","1",,"https://produto.mercadolivre.com.br/MLB-6028762092-macaneta-externa-tampa-traseira-volkswagen-polo-hacht-_JM","2025-12-09T21:07:55.928Z","2026-02-12T15:42:54.500Z"
"MLB4357783285","closed","","Painel Instrumentos Toyota Corolla 88458018","382.2","1",,"https://produto.mercadolivre.com.br/MLB-4357783285-painel-instrumentos-toyota-corolla-88458018-_JM","2025-12-10T21:50:21.397Z","2026-01-09T16:09:51.850Z"
"MLB6035689474","closed","","Roda Pneu Aro 17 5 Furo Chevrolet Cruze 2018","441","1",,"https://produto.mercadolivre.com.br/MLB-6035689474-roda-pneu-aro-17-5-furo-chevrolet-cruze-2018-_JM","2025-12-11T04:50:16.369Z","2026-02-12T15:43:06.087Z"
"MLB4357411413","closed","","Manga Eixo Dianteira Direita Chevrolet Cruze 2019","165.62","1",,"https://produto.mercadolivre.com.br/MLB-4357411413-manga-eixo-dianteira-direita-chevrolet-cruze-2019-_JM","2025-12-10T16:26:38.294Z","2026-02-12T15:41:59.896Z"
"MLB4353760081","closed","","Semi Eixo Esquerdo Fiat Uno Fire 1.4","176.4","1",,"https://produto.mercadolivre.com.br/MLB-4353760081-semi-eixo-esquerdo-fiat-uno-fire-14-_JM","2025-12-08T20:26:17.158Z","2026-02-12T15:41:52.895Z"
"MLB6066039658","closed","","Modulo Bsi 1.4 Citroen C3 2011","587.02","1",,"https://produto.mercadolivre.com.br/MLB-6066039658-modulo-bsi-14-citroen-c3-2011-_JM","2025-12-17T05:52:21.273Z","2026-02-12T15:42:58.955Z"
"MLB6035691934","closed","","Alavanca Abertura Capô Chevrolet Vectra Gt 2008 ","87.22","1",,"https://produto.mercadolivre.com.br/MLB-6035691934-alavanca-abertura-cap-chevrolet-vectra-gt-2008-_JM","2025-12-11T05:21:29.332Z","2026-02-12T15:42:57.311Z"
"MLB6035743296","closed","","Porta Traseira Esquerda Fiat Fiorino 2014","1078","1",,"https://produto.mercadolivre.com.br/MLB-6035743296-porta-traseira-esquerda-fiat-fiorino-2014-_JM","2025-12-11T05:25:56.102Z","2026-02-12T15:42:31.274Z"
"MLB6035740710","closed","","Roda Pneu Aro 17 5 Furo Chevrolet Cruze 2018","441","1",,"https://produto.mercadolivre.com.br/MLB-6035740710-roda-pneu-aro-17-5-furo-chevrolet-cruze-2018-_JM","2025-12-11T04:53:34.068Z","2026-02-12T15:42:44.509Z"
"MLB4358300265","closed","","Porta Traseira Esquerda Volkswagen Spacefox 2003 A 2010","391.02","1",,"https://produto.mercadolivre.com.br/MLB-4358300265-porta-traseira-esquerda-volkswagen-spacefox-2003-a-2010-_JM","2025-12-11T07:26:26.649Z","2026-02-12T15:42:13.170Z"
"MLB4353761097","closed","","Máquina Vidro Elétrica Dianteira Direita Civic 2012 A 2015","126.42","1",,"https://produto.mercadolivre.com.br/MLB-4353761097-maquina-vidro-eletrica-dianteira-direita-civic-2012-a-2015-_JM","2025-12-08T20:36:24.873Z","2026-02-12T15:41:51.283Z"
"MLB6036685110","closed","","Porta Traseira Esquerda Volkswagen Spacefox 2003 A 2010 ","391.02","1",,"https://produto.mercadolivre.com.br/MLB-6036685110-porta-traseira-esquerda-volkswagen-spacefox-2003-a-2010-_JM","2025-12-11T08:09:03.681Z","2026-01-09T16:22:30.054Z"
"MLB6021717748","closed","","Fechadura Elétrica Traseira Direita Hb20 2012 A 2019 ","135.24","1",,"https://produto.mercadolivre.com.br/MLB-6021717748-fechadura-eletrica-traseira-direita-hb20-2012-a-2019-_JM","2025-12-08T19:45:41.876Z","2026-02-12T15:42:14.479Z"
"MLB6036043520","closed","","Porta Dianteira Esquerda Fiat Uno 1992","293.02","1",,"https://produto.mercadolivre.com.br/MLB-6036043520-porta-dianteira-esquerda-fiat-uno-1992-_JM","2025-12-11T07:15:43.058Z","2026-02-12T15:42:44.953Z"
"MLB6034260228","closed","","Maçaneta Tampa Traseira Caçamba Fiat Strada 2024","196","1",,"https://produto.mercadolivre.com.br/MLB-6034260228-macaneta-tampa-traseira-cacamba-fiat-strada-2024-_JM","2025-12-11T02:03:52.603Z","2026-02-12T15:43:03.718Z"
"MLB6030112386","closed","","Forro Porta Dianteiro Direita Volkswagen Gol 1.0 2017","97.02","1",,"https://produto.mercadolivre.com.br/MLB-6030112386-forro-porta-dianteiro-direita-volkswagen-gol-10-2017-_JM","2025-12-10T08:33:22.960Z","2026-02-12T15:42:19.351Z"
"MLB6048268394","closed","","Bico Injetor Volkswagen Gol 1.6 G5 Voyage Polo","78.4","1",,"https://produto.mercadolivre.com.br/MLB-6048268394-bico-injetor-volkswagen-gol-16-g5-voyage-polo-_JM","2025-12-12T21:49:18.524Z","2026-02-12T15:42:40.527Z"
"MLB6066236618","closed","","Tampa Caixa Filtro Ar Fiat Uno 2002","49","1",,"https://produto.mercadolivre.com.br/MLB-6066236618-tampa-caixa-filtro-ar-fiat-uno-2002-_JM","2025-12-17T06:40:50.108Z","2026-02-12T15:43:01.571Z"
"MLB6068342490","closed","","Engate Cinto Seguranca Traseiro Vw Gol G5 2008","99","1",,"https://produto.mercadolivre.com.br/MLB-6068342490-engate-cinto-seguranca-traseiro-vw-gol-g5-2008-_JM","2025-12-17T17:51:56.620Z","2026-01-10T10:10:43.946Z"
"MLB6038351270","closed","","Montante Manga Eixo Direita Fiat Palio Fire  2010","225.4","1",,"https://produto.mercadolivre.com.br/MLB-6038351270-montante-manga-eixo-direita-fiat-palio-fire-2010-_JM","2025-12-11T14:34:48.969Z","2026-01-10T10:08:17.797Z"
"MLB6032175288","closed","","Bobina Igniçao Volkswagen Jetta 2008 ","57.82","1",,"https://produto.mercadolivre.com.br/MLB-6032175288-bobina-ignicao-volkswagen-jetta-2008-_JM","2025-12-10T16:52:28.551Z","2026-02-12T15:42:55.051Z"
"MLB6035693052","closed","","Porta Dianteira Direita Fiat Strada Palio 2 Portas 1999","441","1",,"https://produto.mercadolivre.com.br/MLB-6035693052-porta-dianteira-direita-fiat-strada-palio-2-portas-1999-_JM","2025-12-11T05:35:51.469Z","2026-02-12T15:42:58.662Z"
"MLB6066052572","closed","","Manual Proprietário Citroen C3 2011","155.82","1",,"https://produto.mercadolivre.com.br/MLB-6066052572-manual-proprietario-citroen-c3-2011-_JM","2025-12-17T05:51:29.259Z","2026-02-12T15:43:05.782Z"
"MLB6039448926","closed","","Tampa Valvula Peugeot 208 Citroen C3 1.2 3c","783.02","1",,"https://produto.mercadolivre.com.br/MLB-6039448926-tampa-valvula-peugeot-208-citroen-c3-12-3c-_JM","2025-12-11T17:31:11.644Z","2026-02-12T15:42:40.257Z"
"MLB6066012206","closed","","Pistão Biela Ford Ka 1.5 4cc Sedan 2018","245","1",,"https://produto.mercadolivre.com.br/MLB-6066012206-pisto-biela-ford-ka-15-4cc-sedan-2018-_JM","2025-12-17T05:33:46.769Z","2026-02-12T15:43:08.651Z"
"MLB4369769347","closed","","Pistão Biela Ford Ka 1.5 4cc 2018 ","245","1",,"https://produto.mercadolivre.com.br/MLB-4369769347-pisto-biela-ford-ka-15-4cc-2018-_JM","2025-12-17T05:37:33.370Z","2026-02-12T15:42:05.635Z"
"MLB6032188404","closed","","Bobina Igniçao Volkswagen Jetta 2008 ","57.82","1",,"https://produto.mercadolivre.com.br/MLB-6032188404-bobina-ignicao-volkswagen-jetta-2008-_JM","2025-12-10T16:55:52.781Z","2026-02-12T15:42:39.647Z"
"MLB4358051171","closed","","Soleira Dianteiro Direito Volkswagen Up Tsi 2020","115.64","1",,"https://produto.mercadolivre.com.br/MLB-4358051171-soleira-dianteiro-direito-volkswagen-up-tsi-2020-_JM","2025-12-11T03:56:31.202Z","2026-02-12T15:42:05.391Z"
"MLB4370121743","closed","","Engate Cinto Segurança Dianteiro Esquerdo Fiat Argo 2018","149","1",,"https://produto.mercadolivre.com.br/MLB-4370121743-engate-cinto-seguranca-dianteiro-esquerdo-fiat-argo-2018-_JM","2025-12-17T07:25:26.345Z","2026-01-10T10:53:39.205Z"
"MLB6066103124","closed","","Pistão Biela Ford Ka 1.5 4cc 2018","245","1",,"https://produto.mercadolivre.com.br/MLB-6066103124-pisto-biela-ford-ka-15-4cc-2018-_JM","2025-12-17T05:35:28.330Z","2026-02-12T15:42:40.627Z"
"MLB6038442836","closed","","Painel Instrumentos Bmw 318 1997 ","441","1",,"https://produto.mercadolivre.com.br/MLB-6038442836-painel-instrumentos-bmw-318-1997-_JM","2025-12-11T14:57:47.504Z","2026-02-12T15:43:05.237Z"
"MLB6032162670","closed","","Bobina Igniçao Volkswagen Jetta 2008","146.02","1",,"https://produto.mercadolivre.com.br/MLB-6032162670-bobina-ignicao-volkswagen-jetta-2008-_JM","2025-12-10T16:55:33.170Z","2026-02-12T15:42:42.547Z"
"MLB6048092866","closed","","Moldura Externa Porta Traseiroa Toyota Etios 2020","106.82","1",,"https://produto.mercadolivre.com.br/MLB-6048092866-moldura-externa-porta-traseiroa-toyota-etios-2020-_JM","2025-12-12T21:45:39.247Z","2026-02-12T15:43:07.335Z"
"MLB4353804287","closed","","Caixa Filtro Ar Peugeot 207 Passion Xr 2012 A 2013","195.02","1",,"https://produto.mercadolivre.com.br/MLB-4353804287-caixa-filtro-ar-peugeot-207-passion-xr-2012-a-2013-_JM","2025-12-08T21:30:54.578Z","2026-02-12T15:41:50.565Z"
"MLB4357975483","closed","","Eixo Balancim Comando Citroen C3 2004 A 2012 ","392","1",,"https://produto.mercadolivre.com.br/MLB-4357975483-eixo-balancim-comando-citroen-c3-2004-a-2012-_JM","2025-12-11T02:32:46.293Z","2026-01-10T10:10:53.863Z"
"MLB6011088150","closed","","Paralama Gm Cruze Lado Direito Original Com Detalhe","359.74","1",,"https://produto.mercadolivre.com.br/MLB-6011088150-paralama-gm-cruze-lado-direito-original-com-detalhe-_JM","2025-12-05T14:59:51.836Z","2026-02-12T15:43:21.580Z"
"MLB6038458294","closed","","Bomba Combustível Peugeot 206 1.4","362.6","1",,"https://produto.mercadolivre.com.br/MLB-6038458294-bomba-combustivel-peugeot-206-14-_JM","2025-12-11T15:16:51.803Z","2026-02-12T15:42:59.618Z"
"MLB4381045079","closed","","Moldura Painel Comando Ar Fiat Uno 2000","170","0",,"https://produto.mercadolivre.com.br/MLB-4381045079-moldura-painel-comando-ar-fiat-uno-2000-_JM","2025-12-23T12:54:41.438Z","2026-01-11T19:28:32.607Z"
"MLB6066024144","closed","","Tampa Comando Válvula Ford Ka 1.5 4cc 2018","293.02","1",,"https://produto.mercadolivre.com.br/MLB-6066024144-tampa-comando-valvula-ford-ka-15-4cc-2018-_JM","2025-12-17T05:21:09.891Z","2026-02-12T15:42:38.929Z"
"MLB4361768231","closed","","Marcador Combustível Painel Instrumentos Gm Kadett 1989","53.9","1",,"https://produto.mercadolivre.com.br/MLB-4361768231-marcador-combustivel-painel-instrumentos-gm-kadett-1989-_JM","2025-12-12T21:56:07.959Z","2026-02-12T15:42:53.421Z"
"MLB4369778921","closed","","Mangueira Radiador Superior 1.0 Ford Ka 2016","77.42","1",,"https://produto.mercadolivre.com.br/MLB-4369778921-mangueira-radiador-superior-10-ford-ka-2016-_JM","2025-12-17T04:50:32.727Z","2026-01-10T10:54:05.141Z"
"MLB4369873017","closed","","Motor Arranque Partida Hyundai Azera 3.3 V6 2008 A 2012","699","1",,"https://produto.mercadolivre.com.br/MLB-4369873017-motor-arranque-partida-hyundai-azera-33-v6-2008-a-2012-_JM","2025-12-17T06:48:36.551Z","2026-02-12T15:42:32.956Z"
"MLB6066205836","closed","","Mini Frente Fiat Palio 2007","1273.02","1",,"https://produto.mercadolivre.com.br/MLB-6066205836-mini-frente-fiat-palio-2007-_JM","2025-12-17T05:52:52.770Z","2026-02-12T15:43:08.122Z"
"MLB6011083162","closed","","Porta Dianteira Direita Meriva 2003 A 2012","496.85","1",,"https://produto.mercadolivre.com.br/MLB-6011083162-porta-dianteira-direita-meriva-2003-a-2012-_JM","2025-12-05T15:47:28.808Z","2026-02-12T15:42:22.946Z"
"MLB6029874942","closed","","Fechadura Tampa Traseira Gm Astra Sedan ","76.44","1",,"https://produto.mercadolivre.com.br/MLB-6029874942-fechadura-tampa-traseira-gm-astra-sedan-_JM","2025-12-10T05:36:01.651Z","2026-02-12T15:42:55.980Z"
"MLB6036050234","closed","","Volante Ford Fusion 2015 2016","274.4","1",,"https://produto.mercadolivre.com.br/MLB-6036050234-volante-ford-fusion-2015-2016-_JM","2025-12-11T06:18:32.647Z","2026-02-12T15:43:05.000Z"
"MLB4356356347","closed","","Fechadura Eltrica Tampa Traseira Gm Astra ","68.6","1",,"https://produto.mercadolivre.com.br/MLB-4356356347-fechadura-eltrica-tampa-traseira-gm-astra-_JM","2025-12-10T05:37:32.975Z","2026-02-12T15:41:54.216Z"
"MLB4371468313","closed","","Motor Arranque Hyundai Azera 3.3 V6","450","1",,"https://produto.mercadolivre.com.br/MLB-4371468313-motor-arranque-hyundai-azera-33-v6-_JM","2025-12-17T20:33:40.577Z","2026-01-09T20:29:56.233Z"
"MLB6021824730","closed","","Fechadura Tampa Porta Malas Cruze Prisma Cobalt 687996079","152.37","1",,"https://produto.mercadolivre.com.br/MLB-6021824730-fechadura-tampa-porta-malas-cruze-prisma-cobalt-687996079-_JM","2025-12-08T19:05:34.603Z","2026-02-12T15:42:24.641Z"
"MLB6031550342","closed","","Módulo Ignição Eletrônica Gol Parati Santana 1987 A 1991 ","245","1",,"https://produto.mercadolivre.com.br/MLB-6031550342-modulo-ignico-eletrnica-gol-parati-santana-1987-a-1991-_JM","2025-12-10T13:39:02.338Z","2026-02-12T15:42:55.809Z"
"MLB4358366777","closed","","Porta Dianteira Direita Meriva 2003 A 2012","489.02","1",,"https://produto.mercadolivre.com.br/MLB-4358366777-porta-dianteira-direita-meriva-2003-a-2012-_JM","2025-12-11T08:00:16.425Z","2026-01-10T11:51:21.740Z"
"MLB6018442260","closed","","Fechadura Tampa Traseira Renault Fluence ","132.71","1",,"https://produto.mercadolivre.com.br/MLB-6018442260-fechadura-tampa-traseira-renault-fluence-_JM","2025-12-08T07:33:46.882Z","2026-02-12T15:42:16.234Z"
"MLB4358056021","closed","","Cabo Positivo Bateria Volkswagen Fox 2008 ","196","1",,"https://produto.mercadolivre.com.br/MLB-4358056021-cabo-positivo-bateria-volkswagen-fox-2008-_JM","2025-12-11T04:50:22.165Z","2026-02-12T15:42:10.104Z"
"MLB4357411257","closed","","Fechadura Tampa Traseira Gm Astra ","58.8","1",,"https://produto.mercadolivre.com.br/MLB-4357411257-fechadura-tampa-traseira-gm-astra-_JM","2025-12-10T16:25:28.525Z","2026-02-12T15:42:00.524Z"
"MLB4356331613","closed","","Fechadura Tampa Traseira Gm Astra ","68.6","1",,"https://produto.mercadolivre.com.br/MLB-4356331613-fechadura-tampa-traseira-gm-astra-_JM","2025-12-10T05:38:57.557Z","2026-02-12T15:41:55.194Z"
"MLB4358269713","closed","","Par Lâmpada H21 Teslla Farol Dianteiro Seta Fox 2015 2018","39.1","4",,"https://produto.mercadolivre.com.br/MLB-4358269713-par-lmpada-h21-teslla-farol-dianteiro-seta-fox-2015-2018-_JM","2025-12-11T06:28:00.135Z","2026-01-10T10:54:06.166Z"
"MLB6036053056","closed","","Borracha Suporte Direito Santo Antônio Fiat Strada 2021","97.02","1",,"https://produto.mercadolivre.com.br/MLB-6036053056-borracha-suporte-direito-santo-antnio-fiat-strada-2021-_JM","2025-12-11T06:49:31.329Z","2026-02-12T15:43:05.304Z"
"MLB6065799280","closed","","Motor Arranque Partida 1.0 3cc Ford Ka 2015 A 2022","440.02","1",,"https://produto.mercadolivre.com.br/MLB-6065799280-motor-arranque-partida-10-3cc-ford-ka-2015-a-2022-_JM","2025-12-17T04:16:58.995Z","2026-01-11T19:30:51.688Z"
"MLB6033584230","closed","","Painel Instrumentos Fiat Palio Idea ","293.02","1",,"https://produto.mercadolivre.com.br/MLB-6033584230-painel-instrumentos-fiat-palio-idea-_JM","2025-12-10T22:29:56.621Z","2026-02-12T15:42:30.876Z"
"MLB6036032574","closed","","Difusor Esquerdo Chevrolet Vectra Gt 2008","127.4","1",,"https://produto.mercadolivre.com.br/MLB-6036032574-difusor-esquerdo-chevrolet-vectra-gt-2008-_JM","2025-12-11T05:15:23.770Z","2026-02-12T15:42:44.502Z"
"MLB6033864444","closed","","Painel Instrumentos Fiat Palio 2006","293.02","1",,"https://produto.mercadolivre.com.br/MLB-6033864444-painel-instrumentos-fiat-palio-2006-_JM","2025-12-10T22:49:26.324Z","2026-01-10T17:41:39.729Z"
"MLB4357809511","closed","","Painel Instrumentos Fiat Palio 2006","254.8","1",,"https://produto.mercadolivre.com.br/MLB-4357809511-painel-instrumentos-fiat-palio-2006-_JM","2025-12-10T22:27:04.096Z","2026-02-12T15:42:06.630Z"
"MLB6033800146","closed","","Painel Instrumentos Volkswagen Golf 2003","333.2","1",,"https://produto.mercadolivre.com.br/MLB-6033800146-painel-instrumentos-volkswagen-golf-2003-_JM","2025-12-10T22:49:55.256Z","2026-01-10T17:41:39.844Z"
"MLB6030196672","closed","","Alavanca Marcha Gol Voyage Saveiro G7 5z0711061 ","322.42","1",,"https://produto.mercadolivre.com.br/MLB-6030196672-alavanca-marcha-gol-voyage-saveiro-g7-5z0711061-_JM","2025-12-10T07:47:50.893Z","2026-02-12T15:42:55.784Z"
"MLB4357817647","closed","","Painel Instrumentos Fiat Palio 2006","293.02","1",,"https://produto.mercadolivre.com.br/MLB-4357817647-painel-instrumentos-fiat-palio-2006-_JM","2025-12-10T22:49:09.682Z","2026-01-10T17:41:40.321Z"
"MLB4358297367","closed","","Rádio Som Automotivo Nissan Xterra 2004 A 2008","195.02","1",,"https://produto.mercadolivre.com.br/MLB-4358297367-radio-som-automotivo-nissan-xterra-2004-a-2008-_JM","2025-12-11T07:03:00.304Z","2026-02-12T15:42:12.795Z"
"MLB4358271007","closed","","Agregado Quadro Suspensão Hyundai Hb20 2015","293.02","1",,"https://produto.mercadolivre.com.br/MLB-4358271007-agregado-quadro-suspenso-hyundai-hb20-2015-_JM","2025-12-11T06:41:48.901Z","2026-01-11T19:30:47.729Z"
"MLB4357474183","closed","","Abafador Traseiro Chevrolet Vectra 1998","136.22","1",,"https://produto.mercadolivre.com.br/MLB-4357474183-abafador-traseiro-chevrolet-vectra-1998-_JM","2025-12-10T16:32:33.408Z","2026-02-12T15:41:59.757Z"
"MLB4371040943","closed","","Suporte Coxim Cambio Renault Logan Sandero 2018 A 2022","149","1",,"https://produto.mercadolivre.com.br/MLB-4371040943-suporte-coxim-cambio-renault-logan-sandero-2018-a-2022-_JM","2025-12-17T16:54:39.336Z","2026-01-11T18:50:15.443Z"
"MLB4369769509","closed","","Alternador Jeep Grand Cherokee 3.0 V6 Diesel 2012 A 2015","489.02","1",,"https://produto.mercadolivre.com.br/MLB-4369769509-alternador-jeep-grand-cherokee-30-v6-diesel-2012-a-2015-_JM","2025-12-17T05:39:54.575Z","2026-02-12T15:42:05.048Z"
"MLB6068341422","closed","","Pedal Acelerador Elétronico Gm Astra Vectra 2003 A 2011","178","1",,"https://produto.mercadolivre.com.br/MLB-6068341422-pedal-acelerador-eletronico-gm-astra-vectra-2003-a-2011-_JM","2025-12-17T17:44:46.514Z","2026-02-12T15:43:07.743Z"
"MLB4357815391","closed","","Painel Instrumentos Fiat Palio 2002 A 2006 ","196","1",,"https://produto.mercadolivre.com.br/MLB-4357815391-painel-instrumentos-fiat-palio-2002-a-2006-_JM","2025-12-10T22:17:27.242Z","2026-02-12T15:42:01.800Z"
"MLB6033584432","closed","","Painel Instrumentos Fiat Palio Idea 2006 A 2013 ","293.02","1",,"https://produto.mercadolivre.com.br/MLB-6033584432-painel-instrumentos-fiat-palio-idea-2006-a-2013-_JM","2025-12-10T22:32:43.802Z","2026-02-12T15:42:57.045Z"
"MLB6029978362","closed","","Tanque Combustível Volkswagen Jetta 2.0 2012 ","685.02","1",,"https://produto.mercadolivre.com.br/MLB-6029978362-tanque-combustivel-volkswagen-jetta-20-2012-_JM","2025-12-10T07:33:39.109Z","2026-02-12T15:43:02.895Z"
"MLB6033877044","closed","","Painel Instrumentos Fiat Palio 2006","293.02","1",,"https://produto.mercadolivre.com.br/MLB-6033877044-painel-instrumentos-fiat-palio-2006-_JM","2025-12-10T22:50:24.914Z","2026-01-10T17:41:39.668Z"
"MLB6033824766","closed","","Painel Instrumentos Fiat Palio Idea 2006 A 2013 ","293.02","1",,"https://produto.mercadolivre.com.br/MLB-6033824766-painel-instrumentos-fiat-palio-idea-2006-a-2013-_JM","2025-12-10T22:31:04.150Z","2026-02-12T15:42:56.849Z"
"MLB4357816499","closed","","Painel Instrumentos Fiat Palio 2006","293.02","1",,"https://produto.mercadolivre.com.br/MLB-4357816499-painel-instrumentos-fiat-palio-2006-_JM","2025-12-10T22:31:43.131Z","2026-01-10T17:41:40.374Z"
"MLB4369877327","closed","","Mangueira Atuador Embreagem Ford Ka 1.5 4cc 2018","87.22","1",,"https://produto.mercadolivre.com.br/MLB-4369877327-mangueira-atuador-embreagem-ford-ka-15-4cc-2018-_JM","2025-12-17T05:21:56.329Z","2026-01-11T19:47:20.977Z"
"MLB4357755875","closed","","Tampão Traseiro Porta Malas Ford Ka ","147","1",,"https://produto.mercadolivre.com.br/MLB-4357755875-tampo-traseiro-porta-malas-ford-ka-_JM","2025-12-10T21:30:29.738Z","2026-02-12T15:42:02.176Z"
"MLB6038360994","closed","","Tampa Bomba Combustível Fiat Palio 2010","38.22","1",,"https://produto.mercadolivre.com.br/MLB-6038360994-tampa-bomba-combustivel-fiat-palio-2010-_JM","2025-12-11T14:16:46.193Z","2026-01-11T19:41:24.889Z"
"MLB6035737842","closed","","Forro Porta Malas Esquerdo Chery Tiggo 5x 2020 ","195.02","1",,"https://produto.mercadolivre.com.br/MLB-6035737842-forro-porta-malas-esquerdo-chery-tiggo-5x-2020-_JM","2025-12-11T04:22:47.579Z","2026-02-12T15:42:44.912Z"
"MLB4371431051","closed","","Chip Gps Chevrolet Cruze 2020","60","1",,"https://produto.mercadolivre.com.br/MLB-4371431051-chip-gps-chevrolet-cruze-2020-_JM","2025-12-17T20:43:55.644Z","2026-01-10T21:05:55.893Z"
"MLB6066044838","closed","","Maçaneta Tampa Traseira Peugeot 206 207 2001 A 2014","119","1",,"https://produto.mercadolivre.com.br/MLB-6066044838-macaneta-tampa-traseira-peugeot-206-207-2001-a-2014-_JM","2025-12-17T06:39:25.749Z","2026-02-12T15:42:59.504Z"
"MLB6034212108","closed","","Roda Aro 18 Chery Tiggo X5","637","1",,"https://produto.mercadolivre.com.br/MLB-6034212108-roda-aro-18-chery-tiggo-x5-_JM","2025-12-11T02:34:08.565Z","2026-02-12T15:43:05.384Z"
"MLB6038442352","closed","","Pedal Acelerador Gm Captiva 2008 A 2015","274.4","1",,"https://produto.mercadolivre.com.br/MLB-6038442352-pedal-acelerador-gm-captiva-2008-a-2015-_JM","2025-12-11T14:53:34.087Z","2026-02-12T15:43:06.290Z"
"MLB4357975623","closed","","Roda Aro 18 Chery Tiggo X5","637","1",,"https://produto.mercadolivre.com.br/MLB-4357975623-roda-aro-18-chery-tiggo-x5-_JM","2025-12-11T02:34:01.521Z","2026-02-12T15:42:02.303Z"
"MLB4361745071","closed","","Virabrequim Volkswagen Gol Ap 1.6 8v 1998","1078","1",,"https://produto.mercadolivre.com.br/MLB-4361745071-virabrequim-volkswagen-gol-ap-16-8v-1998-_JM","2025-12-12T22:24:54.939Z","2026-01-11T19:47:17.930Z"
"MLB6035458332","closed","","Chave Ignição Volkswagen Gol G4 2008 ","176.4","1",,"https://produto.mercadolivre.com.br/MLB-6035458332-chave-ignico-volkswagen-gol-g4-2008-_JM","2025-12-11T05:07:16.701Z","2026-02-12T15:42:46.851Z"
"MLB4371300515","closed","","Flauta Bico Injetor Ford Ka 1.5 4cc 2018","120","1",,"https://produto.mercadolivre.com.br/MLB-4371300515-flauta-bico-injetor-ford-ka-15-4cc-2018-_JM","2025-12-17T18:47:48.859Z","2026-02-12T15:42:26.459Z"
"MLB6038443042","closed","","Coletor Admissão Chevrolet Corsa Classic 2012 ","215.6","1",,"https://produto.mercadolivre.com.br/MLB-6038443042-coletor-admisso-chevrolet-corsa-classic-2012-_JM","2025-12-11T14:59:29.060Z","2026-01-11T19:41:35.512Z"
"MLB4371233343","closed","","Módulo Fiat Punto 2016 51922434","599","1",,"https://produto.mercadolivre.com.br/MLB-4371233343-modulo-fiat-punto-2016-51922434-_JM","2025-12-17T18:13:45.089Z","2026-02-12T15:42:28.266Z"
"MLB4361743273","closed","","Forro Porta Traseira Chevrolet Corsa Classic 2012","97.02","1",,"https://produto.mercadolivre.com.br/MLB-4361743273-forro-porta-traseira-chevrolet-corsa-classic-2012-_JM","2025-12-12T21:57:51.058Z","2026-02-12T15:42:03.619Z"
"MLB4358046305","closed","","Friso Lateral Esquerdo Traseiro Fiat Siena 2013","117.6","1",,"https://produto.mercadolivre.com.br/MLB-4358046305-friso-lateral-esquerdo-traseiro-fiat-siena-2013-_JM","2025-12-11T03:04:32.717Z","2026-02-12T15:42:03.012Z"
"MLB4353809419","closed","","Paralama Direito Saveiro Robust 2018 A 2023 ","489.02","1",,"https://produto.mercadolivre.com.br/MLB-4353809419-paralama-direito-saveiro-robust-2018-a-2023-_JM","2025-12-08T20:26:24.025Z","2026-02-12T15:41:51.392Z"
"MLB6070037384","closed","","Porta Dianteira Esquerda Focus 2000 A 2007","488.56","1",,"https://produto.mercadolivre.com.br/MLB-6070037384-porta-dianteira-esquerda-focus-2000-a-2007-_JM","2025-12-17T21:40:16.564Z","2026-02-12T15:42:59.819Z"
"MLB4369894453","closed","","Chicote Injeção Fiat Palio Siena 1.4 2010","254.8","1",,"https://produto.mercadolivre.com.br/MLB-4369894453-chicote-injeco-fiat-palio-siena-14-2010-_JM","2025-12-17T06:10:57.392Z","2026-01-10T21:05:56.022Z"
"MLB4359507645","closed","","Caixa Filtro Ressonador Hyundai Hb20 2012 A 2019","274.4","1",,"https://produto.mercadolivre.com.br/MLB-4359507645-caixa-filtro-ressonador-hyundai-hb20-2012-a-2019-_JM","2025-12-11T17:34:50.001Z","2026-02-12T15:42:34.945Z"
"MLB6038228494","closed","","Carter Óleo Fiat Argo Uno Mobi 1.0 3 Cil ","117.6","1",,"https://produto.mercadolivre.com.br/MLB-6038228494-carter-oleo-fiat-argo-uno-mobi-10-3-cil-_JM","2025-12-11T14:41:32.577Z","2026-01-11T19:47:52.749Z"
"MLB6039551436","closed","","Moldura Painel Instrumentos Chevrolet S10 1996","156.8","1",,"https://produto.mercadolivre.com.br/MLB-6039551436-moldura-painel-instrumentos-chevrolet-s10-1996-_JM","2025-12-11T17:59:33.150Z","2026-02-12T15:43:06.379Z"
"MLB4371491955","closed","","Mangueira Ar Condicionado 1.0 3cc Ford Ka 2017","120","1",,"https://produto.mercadolivre.com.br/MLB-4371491955-mangueira-ar-condicionado-10-3cc-ford-ka-2017-_JM","2025-12-17T20:38:14.473Z","2026-01-10T22:13:12.193Z"
"MLB4371371111","closed","","Moldura Painel Difusor Ar Central Peugeot 206 2007","120","1",,"https://produto.mercadolivre.com.br/MLB-4371371111-moldura-painel-difusor-ar-central-peugeot-206-2007-_JM","2025-12-17T19:33:36.583Z","2026-01-10T21:45:04.617Z"
"MLB6066080686","closed","","Sonda Lambda Fiat Siena 1.0 16v 2002","97.02","1",,"https://produto.mercadolivre.com.br/MLB-6066080686-sonda-lambda-fiat-siena-10-16v-2002-_JM","2025-12-17T06:17:05.839Z","2026-01-11T20:15:16.217Z"
"MLB4361693801","closed","","Moldura Comando Ar Cinzeiro Vw Gol Parati G3 1999 A 2003","83.3","1",,"https://produto.mercadolivre.com.br/MLB-4361693801-moldura-comando-ar-cinzeiro-vw-gol-parati-g3-1999-a-2003-_JM","2025-12-12T22:22:16.176Z","2026-02-12T15:42:53.152Z"
"MLB4357741103","closed","","Porta Luvas Volkswagen Jetta 2009","195.02","1",,"https://produto.mercadolivre.com.br/MLB-4357741103-porta-luvas-volkswagen-jetta-2009-_JM","2025-12-10T21:14:04.090Z","2026-02-12T15:42:08.526Z"
"MLB6011102774","closed","","Porta Dianteira Esquerda Citroen C3 2003 A 2012 Usada","540.06","1",,"https://produto.mercadolivre.com.br/MLB-6011102774-porta-dianteira-esquerda-citroen-c3-2003-a-2012-usada-_JM","2025-12-05T15:04:39.326Z","2026-01-11T19:48:54.079Z"
"MLB6035836270","closed","","Tampa Tanque Combustível Volkswagen Gol G7 2018","80.36","1",,"https://produto.mercadolivre.com.br/MLB-6035836270-tampa-tanque-combustivel-volkswagen-gol-g7-2018-_JM","2025-12-11T06:08:29.210Z","2026-02-12T15:42:44.152Z"
"MLB6066207520","closed","","Polia Comando Válvula Fiat Siena 1.0 16v 2002","132.3","1",,"https://produto.mercadolivre.com.br/MLB-6066207520-polia-comando-valvula-fiat-siena-10-16v-2002-_JM","2025-12-17T06:08:54.274Z","2026-01-11T19:53:42.149Z"
"MLB6048256924","closed","","Acabamento Freio Mão Fiat Palio Siena 2001","48.02","1",,"https://produto.mercadolivre.com.br/MLB-6048256924-acabamento-freio-mo-fiat-palio-siena-2001-_JM","2025-12-12T22:04:01.137Z","2026-02-12T15:42:40.433Z"
"MLB4357731529","closed","","Kit Direção Hidráulica Volkswagen Spacefox 2014 ","1862","1",,"https://produto.mercadolivre.com.br/MLB-4357731529-kit-direco-hidraulica-volkswagen-spacefox-2014-_JM","2025-12-10T21:12:53.524Z","2026-02-12T15:42:07.873Z"
"MLB6033797702","closed","","Painel Instrumentos Volkswagen Gol G5 2011","392","1",,"https://produto.mercadolivre.com.br/MLB-6033797702-painel-instrumentos-volkswagen-gol-g5-2011-_JM","2025-12-10T22:14:07.340Z","2026-02-12T15:42:58.555Z"
"MLB4369899155","closed","","Acabamento Coluna Direção Inferior Fiat Uno 2002","89","1",,"https://produto.mercadolivre.com.br/MLB-4369899155-acabamento-coluna-direco-inferior-fiat-uno-2002-_JM","2025-12-17T06:48:57.702Z","2026-02-12T15:42:34.176Z"
"MLB4415614101","closed","","Fechadura Elétrica Traseira Direita Gol 2013 G6","35","2",,"https://produto.mercadolivre.com.br/MLB-4415614101-fechadura-eletrica-traseira-direita-gol-2013-g6-_JM","2026-01-12T17:04:38.383Z","2026-02-12T15:42:26.419Z"
"MLB6011190968","closed","","Porta Oculos Volvo V40","107.01","1",,"https://produto.mercadolivre.com.br/MLB-6011190968-porta-oculos-volvo-v40-_JM","2025-12-05T15:16:48.433Z","2026-02-12T15:42:40.293Z"
"MLB4361731475","closed","","Cabo Bateria Positivo Chevrolet Corsa Classic 2012","176.4","1",,"https://produto.mercadolivre.com.br/MLB-4361731475-cabo-bateria-positivo-chevrolet-corsa-classic-2012-_JM","2025-12-12T22:15:46.102Z","2026-01-10T22:13:12.321Z"
"MLB4369805981","closed","","Chave Roda Ford Ka 2018","146.02","1",,"https://produto.mercadolivre.com.br/MLB-4369805981-chave-roda-ford-ka-2018-_JM","2025-12-17T05:04:38.929Z","2026-02-12T15:42:24.065Z"
"MLB6029982934","closed","","Refletor Parachoque Traseiro Direito Chevrolet Corsa 2012","44.1","1",,"https://produto.mercadolivre.com.br/MLB-6029982934-refletor-parachoque-traseiro-direito-chevrolet-corsa-2012-_JM","2025-12-10T08:17:22.079Z","2026-02-12T15:42:56.781Z"
"MLB6038442712","closed","","Montante Manga Eixo Direito Fiat Argo 2019 2020","244.02","1",,"https://produto.mercadolivre.com.br/MLB-6038442712-montante-manga-eixo-direito-fiat-argo-2019-2020-_JM","2025-12-11T14:56:52.333Z","2026-01-11T19:43:53.160Z"
"MLB6011100932","closed","","Paralama Renault Sandero 2012 Lado Direito Original ","372.43","1",,"https://produto.mercadolivre.com.br/MLB-6011100932-paralama-renault-sandero-2012-lado-direito-original-_JM","2025-12-05T14:59:09.245Z","2026-02-12T15:42:38.222Z"
"MLB6034521092","closed","","Relógio Digital Painel Citroen C3 2008","78.4","0",,"https://produto.mercadolivre.com.br/MLB-6034521092-relogio-digital-painel-citroen-c3-2008-_JM","2025-12-11T02:28:53.540Z","2026-02-12T15:43:05.679Z"
"MLB6066209860","closed","","Gargalo Tanque Combustível Fiat Uno Fire 2002","199","1",,"https://produto.mercadolivre.com.br/MLB-6066209860-gargalo-tanque-combustivel-fiat-uno-fire-2002-_JM","2025-12-17T06:33:07.063Z","2026-02-12T15:43:05.865Z"
"MLB4361730647","closed","","Pistão Biela Chevrolet S10 2.2 1996","195.02","1",,"https://produto.mercadolivre.com.br/MLB-4361730647-pisto-biela-chevrolet-s10-22-1996-_JM","2025-12-12T22:01:46.401Z","2026-02-12T15:42:04.003Z"
"MLB4357999943","closed","","Suporte Para-choque Le Chevrolet S10 2012","215.6","1",,"https://produto.mercadolivre.com.br/MLB-4357999943-suporte-para-choque-le-chevrolet-s10-2012-_JM","2025-12-11T02:28:00.690Z","2026-02-12T15:42:00.971Z"
"MLB4371288989","closed","","Coletor Admissão Ford Fiesta 1.6 2006","280","1",,"https://produto.mercadolivre.com.br/MLB-4371288989-coletor-admisso-ford-fiesta-16-2006-_JM","2025-12-17T18:39:31.335Z","2026-02-12T15:42:27.130Z"
"MLB4357411751","closed","","Suporte Paralama Dianteiro Direito Volkswagen Gol Saveiro ","48.02","1",,"https://produto.mercadolivre.com.br/MLB-4357411751-suporte-paralama-dianteiro-direito-volkswagen-gol-saveiro-_JM","2025-12-10T16:29:44.546Z","2026-02-12T15:41:58.744Z"
"MLB6038348294","closed","","Porta Traseira Esquerda Chevrolet S10 ","441","1",,"https://produto.mercadolivre.com.br/MLB-6038348294-porta-traseira-esquerda-chevrolet-s10-_JM","2025-12-11T14:16:12.541Z","2026-02-12T15:43:05.130Z"
"MLB6036033464","closed","","Moldura Soleira Parachoque Traseiro Fiat Strada 2020 A 2024 ","333.2","1",,"https://produto.mercadolivre.com.br/MLB-6036033464-moldura-soleira-parachoque-traseiro-fiat-strada-2020-a-2024-_JM","2025-12-11T05:28:34.523Z","2026-02-12T15:42:45.744Z"
"MLB4415735631","closed","","Maçaneta Externa Dianteira Direita Ford Fiesta","102","1",,"https://produto.mercadolivre.com.br/MLB-4415735631-macaneta-externa-dianteira-direita-ford-fiesta-_JM","2026-01-12T18:20:13.374Z","2026-02-12T15:42:26.590Z"
"MLB6066259434","closed","","Forro Porta Esquerdo Volkswagen Gol G4 2008 2p","280","1",,"https://produto.mercadolivre.com.br/MLB-6066259434-forro-porta-esquerdo-volkswagen-gol-g4-2008-2p-_JM","2025-12-17T07:08:46.672Z","2026-02-12T15:42:45.828Z"
"MLB6160199030","closed","","Maçaneta Externa Porta Diantei Direita Voyage 2014 5u4837885","20","1",,"https://produto.mercadolivre.com.br/MLB-6160199030-macaneta-externa-porta-diantei-direita-voyage-2014-5u4837885-_JM","2026-01-12T14:11:18.126Z","2026-02-12T15:43:07.311Z"
"MLB6029210018","closed","","Moldura Coluna Superior Cinto Audi A3","78.4","1",,"https://produto.mercadolivre.com.br/MLB-6029210018-moldura-coluna-superior-cinto-audi-a3-_JM","2025-12-10T00:03:02.640Z","2026-02-12T15:42:56.496Z"
"MLB6149318370","closed","","Relé Chave Seta Pisca Alerta Ford Fiesta 2005 A 2012","25","1",,"https://produto.mercadolivre.com.br/MLB-6149318370-rele-chave-seta-pisca-alerta-ford-fiesta-2005-a-2012-_JM","2026-01-08T17:12:35.600Z","2026-02-12T15:43:07.930Z"
"MLB6066087182","closed","","Forro Porta Direita Volkswagen Gol G4 2008 2p","280","1",,"https://produto.mercadolivre.com.br/MLB-6066087182-forro-porta-direita-volkswagen-gol-g4-2008-2p-_JM","2025-12-17T07:08:53.929Z","2026-02-12T15:43:05.859Z"
"MLB4359519085","closed","","Tampa Eixo Comando Válvula Chevrolet Corsa Classic 2012","97.02","1",,"https://produto.mercadolivre.com.br/MLB-4359519085-tampa-eixo-comando-valvula-chevrolet-corsa-classic-2012-_JM","2025-12-11T17:36:14.723Z","2026-02-12T15:42:34.080Z"
"MLB6032213706","closed","","Coxim Motor Fiat Uno Evo 1.0 2011","98","1",,"https://produto.mercadolivre.com.br/MLB-6032213706-coxim-motor-fiat-uno-evo-10-2011-_JM","2025-12-10T16:55:11.122Z","2026-02-12T15:42:57.705Z"
"MLB6011446810","closed","","Flauta Bico Injetor Hb20 2012 A 2019 1.6 16v 353502b400 ","72.13","1",,"https://produto.mercadolivre.com.br/MLB-6011446810-flauta-bico-injetor-hb20-2012-a-2019-16-16v-353502b400-_JM","2025-12-05T17:21:18.424Z","2026-02-12T15:42:51.603Z"
"MLB6170730654","closed","","Guia Parachoque Traseiro Freemont 2012","783.2","1",,"https://produto.mercadolivre.com.br/MLB-6170730654-guia-parachoque-traseiro-freemont-2012-_JM","2026-01-15T15:44:41.793Z","2026-02-12T15:43:00.789Z"
"MLB6170031298","closed","","Lanterna Luz Neblia Chevrolet Cobalt 2019","100","1",,"https://produto.mercadolivre.com.br/MLB-6170031298-lanterna-luz-neblia-chevrolet-cobalt-2019-_JM","2026-01-15T12:20:26.392Z","2026-02-12T15:42:23.032Z"
"MLB6032203408","closed","","Tampa Reservatório Água Radiador Fiat Uno Vivace ","49","1",,"https://produto.mercadolivre.com.br/MLB-6032203408-tampa-reservatorio-agua-radiador-fiat-uno-vivace-_JM","2025-12-10T17:09:32.466Z","2026-02-12T15:42:34.140Z"
"MLB4421930249","closed","","Sonda Lambda Renault Logan 1.0 2018 2019","40","1",,"https://produto.mercadolivre.com.br/MLB-4421930249-sonda-lambda-renault-logan-10-2018-2019-_JM","2026-01-15T17:58:58.502Z","2026-02-12T15:42:30.717Z"
"MLB4358104935","closed","","Gui Direito Parachoque Chery Tiggo 5x","78.4","1",,"https://produto.mercadolivre.com.br/MLB-4358104935-gui-direito-parachoque-chery-tiggo-5x-_JM","2025-12-11T04:42:04.377Z","2026-02-12T15:42:09.138Z"
"MLB6070031608","closed","waiting_for_patch","Bico Injetor Chevrolet Celta 1.0 8v 2003","65","1",,"https://produto.mercadolivre.com.br/MLB-6070031608-bico-injetor-chevrolet-celta-10-8v-2003-_JM","2025-12-17T20:52:28.199Z","2026-02-12T15:43:08.659Z"
"MLB6032187396","closed","","Tampa Reservatório Radiador Volkswagen Gol 2014","28.42","1",,"https://produto.mercadolivre.com.br/MLB-6032187396-tampa-reservatorio-radiador-volkswagen-gol-2014-_JM","2025-12-10T16:47:50.091Z","2026-02-12T15:42:34.257Z"
"MLB4369821189","closed","","Circuito Lanterna Direita Fiat Strada 2014","146.02","1",,"https://produto.mercadolivre.com.br/MLB-4369821189-circuito-lanterna-direita-fiat-strada-2014-_JM","2025-12-17T05:34:51.599Z","2026-02-12T15:42:33.865Z"
"MLB6066025914","closed","","Alternador Chevrolet Captiva 2.4 2006 A 2011","538.02","1",,"https://produto.mercadolivre.com.br/MLB-6066025914-alternador-chevrolet-captiva-24-2006-a-2011-_JM","2025-12-17T05:43:03.256Z","2026-02-12T15:43:11.684Z"
"MLB4371457873","closed","waiting_for_patch","Bico Injetor Chevrolet Celta 1.0 8v 2003","65","1",,"https://produto.mercadolivre.com.br/MLB-4371457873-bico-injetor-chevrolet-celta-10-8v-2003-_JM","2025-12-17T20:53:30.936Z","2026-02-12T15:42:28.378Z"
"MLB4371435981","closed","waiting_for_patch","Acabamento Porta Traseira Esquerda Gm Corsa Classic 2012","49","1",,"https://produto.mercadolivre.com.br/MLB-4371435981-acabamento-porta-traseira-esquerda-gm-corsa-classic-2012-_JM","2025-12-17T20:13:22.629Z","2026-02-12T15:42:28.198Z"
"MLB6032288916","closed","","Tampa Reservatório Radiador Volkswagen Gol 2014","28.42","1",,"https://produto.mercadolivre.com.br/MLB-6032288916-tampa-reservatorio-radiador-volkswagen-gol-2014-_JM","2025-12-10T16:53:25.698Z","2026-02-12T15:42:56.715Z"
"MLB4358004259","closed","","Vareta Capo Cherry Tiggo 5x 2020","97.02","1",,"https://produto.mercadolivre.com.br/MLB-4358004259-vareta-capo-cherry-tiggo-5x-2020-_JM","2025-12-11T03:08:17.187Z","2026-02-12T15:42:02.935Z"
"MLB4423611537","closed","","Tampa Reservatório Radiador Volkswagen Gol 2014","28.42","1",,"https://produto.mercadolivre.com.br/MLB-4423611537-tampa-reservatorio-radiador-volkswagen-gol-2014-_JM","2026-01-16T13:13:29.096Z","2026-02-12T15:42:31.000Z"
"MLB4357296343","closed","","Volante Chevrolet Onix 2015 2019","264.6","1",,"https://produto.mercadolivre.com.br/MLB-4357296343-volante-chevrolet-onix-2015-2019-_JM","2025-12-10T14:53:53.045Z","2026-02-12T15:41:57.887Z"
"MLB4423728183","closed","","Par Manivela Vidro Volkswagen Gol G5 G6","57.82","1",,"https://produto.mercadolivre.com.br/MLB-4423728183-par-manivela-vidro-volkswagen-gol-g5-g6-_JM","2026-01-16T13:13:14.551Z","2026-02-12T15:42:35.107Z"
"MLB4361692411","closed","","Pistão Biela Chevrolet S10 2.2 1995","195.02","1",,"https://produto.mercadolivre.com.br/MLB-4361692411-pisto-biela-chevrolet-s10-22-1995-_JM","2025-12-12T22:01:42.805Z","2026-02-12T15:42:03.314Z"
"MLB6011052262","closed","waiting_for_patch","Paralama Gm Corsa Lado Esquerdo Original Usado ","182.49","1",,"https://produto.mercadolivre.com.br/MLB-6011052262-paralama-gm-corsa-lado-esquerdo-original-usado-_JM","2025-12-05T14:54:55.615Z","2026-02-12T15:42:38.308Z"
"MLB4423637561","closed","","Tampa Reservatório Radiador Volkswagen Gol 2014","28.42","1",,"https://produto.mercadolivre.com.br/MLB-4423637561-tampa-reservatorio-radiador-volkswagen-gol-2014-_JM","2026-01-16T13:13:29.113Z","2026-02-12T15:42:28.377Z"
"MLB6036105906","closed","","Par Manivela Vidro Volkswagen Gol G5 G6 ","57.82","1",,"https://produto.mercadolivre.com.br/MLB-6036105906-par-manivela-vidro-volkswagen-gol-g5-g6-_JM","2025-12-11T07:08:24.342Z","2026-02-12T15:43:09.440Z"
"MLB6031815028","closed","","Grade Frontal Radiador Renault Kwid ","126.42","1",,"https://produto.mercadolivre.com.br/MLB-6031815028-grade-frontal-radiador-renault-kwid-_JM","2025-12-10T15:31:03.255Z","2026-02-12T15:42:44.670Z"
"MLB6031777304","closed","","Parachoque Traseiro Gm Montana 2011 A 2020","420.42","1",,"https://produto.mercadolivre.com.br/MLB-6031777304-parachoque-traseiro-gm-montana-2011-a-2020-_JM","2025-12-10T15:35:49.805Z","2026-02-12T15:42:32.825Z"
"MLB4358334543","closed","","Maçaneta Externa Porta Dianteira Esquerda Chevrolet Onix ","87.22","1",,"https://produto.mercadolivre.com.br/MLB-4358334543-macaneta-externa-porta-dianteira-esquerda-chevrolet-onix-_JM","2025-12-11T06:45:35.093Z","2026-02-12T15:42:11.105Z"
"MLB6011075406","closed","waiting_for_patch","Paralama Audi A3 Lado Direito Original Usado","252.45","1",,"https://produto.mercadolivre.com.br/MLB-6011075406-paralama-audi-a3-lado-direito-original-usado-_JM","2025-12-05T14:59:31.178Z","2026-02-12T15:42:51.316Z"
"MLB4359202929","closed","","Moldura Puxador Porta Dianteira Direita Fiat Palio 05 A 12 ","67.62","1",,"https://produto.mercadolivre.com.br/MLB-4359202929-moldura-puxador-porta-dianteira-direita-fiat-palio-05-a-12-_JM","2025-12-11T13:57:49.535Z","2026-02-12T15:42:19.986Z"
"MLB4358340499","closed","","Moldura Soleira Porta Esquerda Chevrolet Celta 2013 ","87.22","1",,"https://produto.mercadolivre.com.br/MLB-4358340499-moldura-soleira-porta-esquerda-chevrolet-celta-2013-_JM","2025-12-11T07:42:44.689Z","2026-02-12T15:42:03.258Z"
"MLB4356570287","closed","","Motor Limpador Traseiro Fiat Punto ","107.8","1",,"https://produto.mercadolivre.com.br/MLB-4356570287-motor-limpador-traseiro-fiat-punto-_JM","2025-12-10T08:06:45.647Z","2026-02-12T15:41:56.461Z"
"MLB4357728945","closed","","Tampa Reservatório Água Radiador Fiat Uno Vivace ","53.9","1",,"https://produto.mercadolivre.com.br/MLB-4357728945-tampa-reservatorio-agua-radiador-fiat-uno-vivace-_JM","2025-12-10T20:45:46.326Z","2026-02-12T15:42:02.055Z"
"MLB4356310047","closed","","Tampa Caixa Fusível Fox Spacefox 2006 A 2009 5z0857968","53.9","1",,"https://produto.mercadolivre.com.br/MLB-4356310047-tampa-caixa-fusivel-fox-spacefox-2006-a-2009-5z0857968-_JM","2025-12-10T06:26:21.647Z","2026-02-12T15:41:57.209Z"
"MLB4357789315","closed","","Tampa Reservatório Água Radiador Fiat Uno Vivace ","53.9","1",,"https://produto.mercadolivre.com.br/MLB-4357789315-tampa-reservatorio-agua-radiador-fiat-uno-vivace-_JM","2025-12-10T20:43:27.317Z","2026-02-12T15:42:06.883Z"
"MLB6032215888","closed","","Tampa Reservatório Água Radiador Fiat Uno Vivace ","49","1",,"https://produto.mercadolivre.com.br/MLB-6032215888-tampa-reservatorio-agua-radiador-fiat-uno-vivace-_JM","2025-12-10T17:08:43.786Z","2026-02-12T15:42:41.529Z"
"MLB4352306203","closed","","Motor Limpador Traseiro Fiat Punto ","99.54","1",,"https://produto.mercadolivre.com.br/MLB-4352306203-motor-limpador-traseiro-fiat-punto-_JM","2025-12-08T08:02:24.657Z","2026-02-12T15:41:49.881Z"
"MLB6032177666","closed","","Tampa Reservatório Água Radiador Fiat Uno Vivace ","49","1",,"https://produto.mercadolivre.com.br/MLB-6032177666-tampa-reservatorio-agua-radiador-fiat-uno-vivace-_JM","2025-12-10T17:08:08.377Z","2026-02-12T15:42:25.576Z"
"MLB4357789667","closed","","Tampa Reservatório Água Radiador Fiat Uno Vivace ","53.9","1",,"https://produto.mercadolivre.com.br/MLB-4357789667-tampa-reservatorio-agua-radiador-fiat-uno-vivace-_JM","2025-12-10T20:46:18.555Z","2026-02-12T15:42:00.510Z"
"MLB6033308734","closed","","Tampa Reservatório Água Radiador Fiat Uno Vivace ","53.9","1",,"https://produto.mercadolivre.com.br/MLB-6033308734-tampa-reservatorio-agua-radiador-fiat-uno-vivace-_JM","2025-12-10T20:42:38.641Z","2026-02-12T15:43:04.853Z"
"MLB6034044958","closed","","Painel Instrumento Classi Gm Celta Corsa Montana 2003 A 2012","493.92","1",,"https://produto.mercadolivre.com.br/MLB-6034044958-painel-instrumento-classi-gm-celta-corsa-montana-2003-a-2012-_JM","2025-12-10T23:10:14.173Z","2026-02-12T15:43:04.586Z"
"MLB6018207394","closed","","Fechadura Porta Malas Chevrolet Astra 2011","66.36","1",,"https://produto.mercadolivre.com.br/MLB-6018207394-fechadura-porta-malas-chevrolet-astra-2011-_JM","2025-12-08T05:34:10.186Z","2026-02-12T15:42:47.932Z"
"MLB4357819165","closed","","Painel Instrumento Classi Gm Celta Corsa Montana 2003 A 2012","493.92","1",,"https://produto.mercadolivre.com.br/MLB-4357819165-painel-instrumento-classi-gm-celta-corsa-montana-2003-a-2012-_JM","2025-12-10T23:10:19.810Z","2026-02-12T15:42:01.952Z"
"MLB6011081166","closed","","Retrovisor Manual Esquerdo Gm Onix Prisma 2013 A 2017","149.3","1",,"https://produto.mercadolivre.com.br/MLB-6011081166-retrovisor-manual-esquerdo-gm-onix-prisma-2013-a-2017-_JM","2025-12-05T15:32:24.394Z","2026-02-12T15:42:46.133Z"
"MLB4357524713","closed","","Tampa Reservatório Água Radiador Fiat Uno Vivace ","49","1",,"https://produto.mercadolivre.com.br/MLB-4357524713-tampa-reservatorio-agua-radiador-fiat-uno-vivace-_JM","2025-12-10T17:09:52.706Z","2026-02-12T15:42:05.768Z"
"MLB6032200988","closed","","Coxim Motor Direito Fiat Uno 1.0 1.4","98","1",,"https://produto.mercadolivre.com.br/MLB-6032200988-coxim-motor-direito-fiat-uno-10-14-_JM","2025-12-10T16:54:12.066Z","2026-02-12T15:43:03.296Z"
"MLB4357958409","closed","","Painel Instrumento Gm Celta 2000 A 2006","301.84","1",,"https://produto.mercadolivre.com.br/MLB-4357958409-painel-instrumento-gm-celta-2000-a-2006-_JM","2025-12-11T01:51:06.469Z","2026-02-12T15:42:12.060Z"